[{"channels":["email","mobile","social"],"min_value":10,"duration":7.0,"id":"ae264e3637204a6fb9bb56bc8210ddfd","offer_type":"bogo","discount_value":10},{"channels":["web","email","mobile","social"],"min_value":10,"duration":5.0,"id":"4d5c57ea9a6940dd891ad53e9dbe8da0","offer_type":"bogo","discount_value":10},{"channels":["web","email","mobile"],"min_value":0,"duration":4.0,"id":"3f207df678b143eea3cee63160fa8bed","offer_type":"informational","discount_value":0},{"channels":["web","email","mobile"],"min_value":5,"duration":7.0,"id":"9b98b8c7a33c4b65b9aebfe6a799e6d9","offer_type":"bogo","discount_value":5},{"channels":["web","email"],"min_value":20,"duration":10.0,"id":"0b1e1539f2cc45b7b9fa7c272da2e1d7","offer_type":"discount","discount_value":5},{"channels":["web","email","mobile","social"],"min_value":7,"duration":7.0,"id":"2298d6c36e964ae4a3e7e9706d1fb8c2","offer_type":"discount","discount_value":3},{"channels":["web","email","mobile","social"],"min_value":10,"duration":10.0,"id":"fafdcd668e3743c1bb461111dcafc2a4","offer_type":"discount","discount_value":2},{"channels":["email","mobile","social"],"min_value":0,"duration":3.0,"id":"5a8bc65990b245e5a138643cd4eb9837","offer_type":"informational","discount_value":0},{"channels":["web","email","mobile","social"],"min_value":5,"duration":5.0,"id":"f19421c1d4aa40978ebb69ca19b0e20d","offer_type":"bogo","discount_value":5},{"channels":["web","email","mobile"],"min_value":10,"duration":7.0,"id":"2906b810c7d4411798c6938adc9daaa5","offer_type":"discount","discount_value":2}]